"CUSTOMER_ID","CUSTOMER_NAME","CUSTOMER_CITY","CUSTOMER_REGION","CUSTOMER_STATE"
10001,Lindie Rennebeck,Sacramento,West,CA
10002,Herschel Farquharson,Harrisburg,Northeast,PA
10003,Daphna Franses,Sacramento,West,CA
10004,Coraline Danilyak,Austin,South,TX
10005,Dannye D'Elias,Harrisburg,Northeast,PA
10006,Isidor Grestye,Olympia,West,WA
10007,Kenn Davidovic,Denver,West,CO
10008,Charmion Lettuce,Madison,Midwest,WI
10009,Vernor McGillecole,Richmond,South,VA
10010,Debor Leffek,Tallahassee,South,FL
10011,Daisie Durber,Tallahassee,South,FL
10012,Dore Terbeck,Tallahassee,South,FL
10013,Saundra Thomson,Dover,South,DE
10014,Gnni Tonkin,Denver,West,CO
10015,Andra Verrill,Honolulu,West,HI
10016,Karon Kett,Austin,South,TX
10017,Gerri Bartholomew,Austin,South,TX
10018,Blaire Lamacraft,Albany,Northeast,NY
10019,Ari Ferentz,Harrisburg,Northeast,PA
10020,Matthieu Grindrod,Columbia,South,SC
10021,Buddy Cregeen,Columbus,Midwest,OH
10022,Cornall Menichi,Albany,Northeast,NY
10023,Horacio Lerhinan,Sacramento,West,CA
10024,Tabina Reston,Phoenix,West,AZ
10025,Lotti Ilett,St. Paul,Midwest,MN
10026,Hedda MacCrosson,Annapolis,South,MD
10027,Suzy Zolini,Richmond,South,VA
10028,Alejandro Ackeroyd,Harrisburg,Northeast,PA
10029,Farly Elen,Madison,Midwest,WI
10031,Guillemette Challiner,Austin,South,TX
10032,Garner Yukhnini,Albany,Northeast,NY
10033,Nara Downage,Nashville,South,TN
10034,Talbot Hallede,Richmond,South,VA
10035,Dana Batt,Boise,West,ID
10036,Shantee Bernth,Topeka,Midwest,KS
10037,Loni Tzarkov,Tallahassee,South,FL
10038,Helen-elizabeth Starbeck,Denver,West,CO
10039,Bronny Maryman,Sacramento,West,CA
10040,Barde Adanet,Montgomery,South,AL
10041,Lotti Herion,Austin,South,TX
10042,Mignonne De la Eglise,Carson City,West,NV
10043,Fanya Dracksford,Madison,Midwest,WI
10044,Yolanda Kahler,Honolulu,West,HI
10045,Sawyer Weatherley,Sacramento,West,CA
10046,Janeta Ricards,St. Paul,Midwest,MN
10047,Lucky Kinsett,Sacramento,West,CA
10048,Merrilee McCane,Tallahassee,South,FL
10049,Carilyn Korneichik,Sacramento,West,CA
10050,Kristofer Leverage,Harrisburg,Northeast,PA
10052,Seumas Olliver,Tallahassee,South,FL
10053,Shalne Biddell,Albany,Northeast,NY
10054,Melinde Sancho,Austin,South,TX
10055,Georgiana Winterscale,Columbus,Midwest,OH
10056,Hannis Dradey,Montgomery,South,AL
10057,Spencer Daveren,Columbus,Midwest,OH
10058,Aurelia Philps,Phoenix,West,AZ
10059,Thayne Quarrington,Sacramento,West,CA
10060,Neysa Cottisford,Topeka,Midwest,KS
10061,Nathalie Anderton,Madison,Midwest,WI
10062,Wash Latore,Raleigh,South,NC
10063,Aurora Deport,Austin,South,TX
10064,Vivia Scoggan,Tallahassee,South,FL
10065,Erma Spiby,Phoenix,West,AZ
10066,Braden Hawley,Santa Fe,West,NM
10067,Jan Grenshields,Pierre,Midwest,SD
10068,Samaria Popplewell,Nashville,South,TN
10069,Tricia Goadbie,Madison,Midwest,WI
10070,Auberon Halladay,Des Moines,Midwest,IA
10071,Aurie Tuffey,Hartford,Northeast,CT
10072,Maurita Rablin,Charleston,South,WV
10073,Auberon Cattonnet,Sacramento,West,CA
10074,Merrielle Strank,Tallahassee,South,FL
10075,Jefferey Gives,Lincoln,Midwest,NE
10076,Westley Jollye,Oklahoma City,South,OK
10077,Fedora Wyleman,Austin,South,TX
10078,Koressa Coumbe,Tallahassee,South,FL
10079,Bald Arling,Lansing,Midwest,MI
10080,Dall Bonney,Richmond,South,VA
10081,Concordia Shird,Sacramento,West,CA
10083,Valdemar Peggrem,Austin,South,TX
10084,Danyelle Sowley,Austin,South,TX
10085,Fayette May,Montgomery,South,AL
10086,Laney Brehat,Columbus,Midwest,OH
10087,Quincy Bausor,Sacramento,West,CA
10088,Lotte Blanket,Sacramento,West,CA
10089,Tessi Rushbrooke,Atlanta,South,GA
10090,Mort Smillie,Indianapolis,Midwest,IN
10091,Dreddy Longland,Austin,South,TX
10093,Tessa Vidgeon,Albany,Northeast,NY
10094,Marcelline Lathee,Austin,South,TX
10095,Marjy Whight,Annapolis,South,MD
10096,Brad Sollime,Tallahassee,South,FL
10097,Hyacinth Boatswain,Lincoln,Midwest,NE
10098,Rich MacCaughey,Sacramento,West,CA
10099,Deane Cornew,Atlanta,South,GA
10101,Olivette Stonier,Sacramento,West,CA
10102,Evelyn Tebbitt,Salt Lake City,West,UT
10103,Fran Cotton,Phoenix,West,AZ
10104,Bird Benner,Austin,South,TX
10105,Sherye Marflitt,Tallahassee,South,FL
10106,Natale Thurner,Austin,South,TX
10107,Moritz McLelland,Albany,Northeast,NY
10108,Appolonia Andretti,Phoenix,West,AZ
10109,Bekki Smiley,Lincoln,Midwest,NE
10110,Wandis Scriviner,Albany,Northeast,NY
10111,Sutherlan Arnaldo,Phoenix,West,AZ
10112,Tessy Ducker,Frankfort,South,KY
10113,Melessa Preddy,Austin,South,TX
10114,Kristoforo Rainville,Sacramento,West,CA
10115,Jason Grocutt,Boston,Northeast,MA
10116,Aggi Odgaard,Hartford,Northeast,CT
10117,Cacilia Fernandez,Nashville,South,TN
10118,Susanne Mattheissen,Phoenix,West,AZ
10119,Wynn Thynne,Columbus,Midwest,OH
10120,Elaina Domek,Frankfort,South,KY
10121,Brewer Rheaume,Sacramento,West,CA
10122,Rutledge Elham,Jefferson City,Midwest,MO
10123,Tanney Scutchin,Santa Fe,West,NM
10124,Maynord Cloughton,Boise,West,ID
10125,Markos Saggs,Annapolis,South,MD
10126,Graig Zorn,Springfield,Midwest,IL
10127,Brucie Ickovits,Austin,South,TX
10128,Spencer Sellor,Nashville,South,TN
10129,Amber Bradmore,Sacramento,West,CA
10130,Land Kadd,Oklahoma City,South,OK
10131,Hastings Leguay,Carson City,West,NV
10132,Carolann Naisbit,Tallahassee,South,FL
10133,Melicent McLice,Olympia,West,WA
10134,Averell Thacker,Salt Lake City,West,UT
10135,Garrek Champerlen,Lincoln,Midwest,NE
10136,Teodora Hadaway,Phoenix,West,AZ
10137,Hamilton Rotlauf,Albany,Northeast,NY
10138,Demetri Lindenblatt,Atlanta,South,GA
10139,Sonia Quadling,Helena,West,MT
10140,Gusty Ragles,Baton Rouge,South,LA
10141,Ursulina Sallinger,Dover,South,DE
10142,Stefanie Quimby,St. Paul,Midwest,MN
10143,Patricia Hockell,Richmond,South,VA
10144,Bartolemo Costigan,Tallahassee,South,FL
10145,Anthony Prandoni,Topeka,Midwest,KS
10146,Harrie Gemmill,Providence,Unknown,RI
10147,Dayna Ledger,Tallahassee,South,FL
10148,Brenden Grestie,Atlanta,South,GA
10149,Gothart Bagott,Harrisburg,Northeast,PA
10150,Itch O'Shevlan,Sacramento,West,CA
10152,Maude Denzilow,Richmond,South,VA
10153,Nicolea Rohlf,Denver,West,CO
10155,Brand Clapham,Raleigh,South,NC
10156,Lemuel Sambedge,Austin,South,TX
10157,Abigael Emmer,Madison,Midwest,WI
10158,Casie Carless,Topeka,Midwest,KS
10159,Brunhilde Fussen,Topeka,Midwest,KS
10160,Kahlil Shotbolt,Columbia,South,SC
10161,Hendrick Bulbeck,Sacramento,West,CA
10162,Cello Hamor,Lincoln,Midwest,NE
10163,Viki Gooderridge,Madison,Midwest,WI
10164,Mahala Morican,Albany,Northeast,NY
10165,Arlen Armitt,Montgomery,South,AL
10166,Gussi Rowth,Santa Fe,West,NM
10167,Amberly Gyves,Albany,Northeast,NY
10168,Josias Teideman,Phoenix,West,AZ
10169,Toddie Itzakson,Richmond,South,VA
10170,Bary Trunks,Austin,South,TX
10171,Aili Simla,Sacramento,West,CA
10172,Archy Peert,Albany,Northeast,NY
10173,Adrien Northway,Tallahassee,South,FL
10174,Drusy Mockler,Raleigh,South,NC
10175,Judith Clayborn,St. Paul,Midwest,MN
10176,Roxi Tebbut,Salem,West,OR
10177,Cad Cartmael,Columbia,South,SC
10179,Drusi Giron,Austin,South,TX
10180,Clarette Russ,Tallahassee,South,FL
10181,Vivi Dobbie,Albany,Northeast,NY
10182,Justinn Cowlam,Sacramento,West,CA
10183,Alvy Bohea,Phoenix,West,AZ
10184,Mallorie Armitt,Raleigh,South,NC
10185,Neilla Brickell,Tallahassee,South,FL
10186,Fergus Hauxby,Denver,West,CO
10187,Rodrigo Pelz,Des Moines,Midwest,IA
10188,Arman Cockerell,Sacramento,West,CA
10189,Ted Legier,Salt Lake City,West,UT
10190,Rosina Tregust,Tallahassee,South,FL
10191,Alessandro Fullerlove,Denver,West,CO
10192,Hube Dany,Sacramento,West,CA
10193,Blinnie Spurier,Sacramento,West,CA
10194,Leonerd Hubach,Phoenix,West,AZ
10195,Gerty McCourt,Columbia,South,SC
10196,Ric Reoch,Albany,Northeast,NY
10197,Selestina Wenban,Nashville,South,TN
10198,Gerri Bilofsky,Trenton,Northeast,NJ
10199,Dudley Zuan,Montgomery,South,AL
10200,Isadore Lubbock,Nashville,South,TN
10201,Anni Matheson,Jefferson City,Midwest,MO
10202,Kip Steanyng,Tallahassee,South,FL
10203,Clarisse Govan,Madison,Midwest,WI
10204,Dallis Leed,Columbus,Midwest,OH
10205,Coop Ferrarello,Tallahassee,South,FL
10206,Grata Larciere,Austin,South,TX
10207,Wallache Keenor,Denver,West,CO
10208,Alanson D'Elia,Raleigh,South,NC
10209,Michaeline Grabeham,Tallahassee,South,FL
10210,Thurstan Dumini,Richmond,South,VA
10211,Nevil Bate,Albany,Northeast,NY
10213,Maddy Mapp,Austin,South,TX
10214,Gibbie Reiner,Lansing,Midwest,MI
10215,Herbie De Angelis,Albany,Northeast,NY
10216,Tobye Vashchenko,Tallahassee,South,FL
10217,Jedidiah McCracken,Austin,South,TX
10218,Johnathan Barribal,Sacramento,West,CA
10219,Godfry Makinson,Richmond,South,VA
10220,Dorris Etienne,Sacramento,West,CA
10221,Papagena Liff,Annapolis,South,MD
10222,Darnall Simion,Sacramento,West,CA
10223,Rem Iggalden,Tallahassee,South,FL
10224,Chane Deary,Raleigh,South,NC
10225,Joeann Tal,Austin,South,TX
10226,Sherlocke Costello,Indianapolis,Midwest,IN
10227,Peirce Lyes,Nashville,South,TN
10228,Minne Bryning,Albany,Northeast,NY
10229,Cami Priel,Atlanta,South,GA
10230,Becka Cheek,Harrisburg,Northeast,PA
10231,Nessie Suff,Carson City,West,NV
10233,Bathsheba Willimott,Sacramento,West,CA
10234,Michelina Fedoronko,Atlanta,South,GA
10235,Maurise Sconce,Carson City,West,NV
10236,Oralee McCalister,Madison,Midwest,WI
10237,Cthrine Brabban,Lansing,Midwest,MI
10238,Travus Rudgerd,Olympia,West,WA
10239,Byron Dibson,Boise,West,ID
10240,Bryce Bevens,Sacramento,West,CA
10241,Kiley Panting,Austin,South,TX
10242,Beverie Reeds,Charleston,South,WV
10243,Spencer Scamadine,Atlanta,South,GA
10246,Martica Webber,Austin,South,TX
10247,Kellina Kringe,Pierre,Midwest,SD
10248,Marcella Di Matteo,Olympia,West,WA
10249,Lurette Janoschek,Richmond,South,VA
10250,Hillie Holttom,Annapolis,South,MD
10251,Brandie Pedroni,Tallahassee,South,FL
10252,Thorstein Chantree,Austin,South,TX
10253,Lissa Flintuff,Lansing,Midwest,MI
10254,Yurik Sydes,Columbia,South,SC
10255,Katuscha Tague,Springfield,Midwest,IL
10256,Monah Scramage,Montgomery,South,AL
10257,Mac Temblett,Austin,South,TX
10258,Drake Clemont,Atlanta,South,GA
10259,Ogdan McLugish,Tallahassee,South,FL
10260,Farr Castro,Sacramento,West,CA
10261,Howey Rarity,Sacramento,West,CA
10262,Lowe Gatenby,Tallahassee,South,FL
10263,Pamella Brugman,Austin,South,TX
10264,Bruis Becarra,Austin,South,TX
10265,Emalee Fitchet,St. Paul,Midwest,MN
10266,Eduardo Crinion,Austin,South,TX
10267,Gayel McDell,Topeka,Midwest,KS
10268,Murielle Rogez,Sacramento,West,CA
10269,Henrietta Feltham,Baton Rouge,South,LA
10270,Agustin Grinval,Albany,Northeast,NY
10271,Waldemar Orrock,Raleigh,South,NC
10272,Abner Lilford,Hartford,Northeast,CT
10273,Kriste Lownds,Atlanta,South,GA
10274,Ingar Phipps,Tallahassee,South,FL
10275,Cathlene Becker,Austin,South,TX
10276,Myrwyn Eat,Tallahassee,South,FL
10277,Maureene Ebbrell,Tallahassee,South,FL
10278,Gasparo Scotting,Raleigh,South,NC
10279,Lennard Jarmain,Frankfort,South,KY
10280,Reinwald Kime,Olympia,West,WA
10281,Chandler Coolson,Frankfort,South,KY
10282,Maje Vasilmanov,Sacramento,West,CA
10283,Carlin McRae,Phoenix,West,AZ
10284,Joseito Turbern,Columbus,Midwest,OH
10285,Chelsy Masey,Columbia,South,SC
10286,Guendolen Petrou,Austin,South,TX
10288,Drugi Edginton,Juneau,West,AK
10289,Rodge Toderi,Columbus,Midwest,OH
10290,Phebe Beceril,Austin,South,TX
10291,Sanson Zotto,Hartford,Northeast,CT
10293,Denys Dykas,Olympia,West,WA
10295,Kailey Shackleton,Austin,South,TX
10296,Dulsea Godden,Denver,West,CO
10297,Neale Tommasi,Honolulu,West,HI
10298,Quinta Bastide,Sacramento,West,CA
10299,Laura Patise,Raleigh,South,NC
10300,Chrissy Hyde,St. Paul,Midwest,MN
10302,Noelani Fairlam,Topeka,Midwest,KS
10303,Dale Curry,Dover,South,DE
10304,Suzi Muat,Annapolis,South,MD
10305,Zolly Heilds,Austin,South,TX
10306,Maureen Glossup,Columbia,South,SC
10307,Hy Wilks,Boise,West,ID
10308,Troy Beardwell,Annapolis,South,MD
10309,Drucie Woodings,Columbus,Midwest,OH
10310,Aimil Soldner,Tallahassee,South,FL
10311,Amandi Baddeley,Albany,Northeast,NY
10312,Burty Oguz,Boston,Northeast,MA
10313,Rube Stranieri,Richmond,South,VA
10314,Crysta Stean,Lincoln,Midwest,NE
10315,Carmel Treneman,Annapolis,South,MD
10316,Xenos Bradick,Montgomery,South,AL
10317,Gaby Riddick,Tallahassee,South,FL
10318,Elenore Willbond,Lansing,Midwest,MI
10319,Issy Rawson,Lansing,Midwest,MI
10320,Gayler Erridge,Nashville,South,TN
10321,Camala Loan,Sacramento,West,CA
10324,Charmain Jenkins,Harrisburg,Northeast,PA
10325,Stella Bisco,Austin,South,TX
10326,Deni Cruickshanks,Atlanta,South,GA
10327,Finn Lesley,Des Moines,Midwest,IA
10328,Barry Gyford,Baton Rouge,South,LA
10329,Lani Jefford,Sacramento,West,CA
10330,Pepillo Lindbergh,Frankfort,South,KY
10331,Court Christie,Sacramento,West,CA
10332,Marian Wibrew,Richmond,South,VA
10333,Ikey Abbati,Denver,West,CO
10334,Brooks Barkaway,Tallahassee,South,FL
10335,Normand Van der Kruijs,Richmond,South,VA
10336,Brittne Mc Ilwrick,Des Moines,Midwest,IA
10337,Devon Latour,Raleigh,South,NC
10338,Jackson Pahler,Harrisburg,Northeast,PA
10339,Thorvald Jaycock,Des Moines,Midwest,IA
10340,Dunc Gossage,Dover,South,DE
10341,Mattheus Littler,Little Rock,South,AR
10342,Juliane McGinly,Olympia,West,WA
10343,Kippie Wholesworth,Austin,South,TX
10344,Sinclair Lacase,Austin,South,TX
10345,Jeffie Basten,Harrisburg,Northeast,PA
10346,Granger Alu,Sacramento,West,CA
10347,Korie Barker,Juneau,West,AK
10348,Ruthann Arkin,Sacramento,West,CA
10349,Sigismundo Hedge,Sacramento,West,CA
10350,Marcia Brakespear,Springfield,Midwest,IL
10351,Emmy Yellop,Charleston,South,WV
10352,Dell Lawn,Sacramento,West,CA
10353,Lemuel Connolly,Tallahassee,South,FL
10354,Kennett Allman,Tallahassee,South,FL
10355,Lev Linny,Albany,Northeast,NY
10356,Aubrette Tomkiss,Columbus,Midwest,OH
10357,Sigrid McAless,Nashville,South,TN
10358,Patric Jeskins,Albany,Northeast,NY
10359,Inness Linney,Springfield,Midwest,IL
10360,Lloyd Merman,Tallahassee,South,FL
10361,Andres Lancaster,Lincoln,Midwest,NE
10362,Elisabeth Hulburt,Springfield,Midwest,IL
10363,Anstice Feeham,Columbus,Midwest,OH
10364,Robert Livezey,Dover,South,DE
10365,Dominique Toffolini,Raleigh,South,NC
10367,Tybalt Draper,Charleston,South,WV
10368,Waldo Toffano,Albany,Northeast,NY
10369,Darcy Coursor,Springfield,Midwest,IL
10370,Estevan Morad,Albany,Northeast,NY
10372,Farris De Hooge,Phoenix,West,AZ
10373,Leonhard Burchfield,Columbus,Midwest,OH
10374,Kevan Clayton,Oklahoma City,South,OK
10375,Dannie Fluck,Charleston,South,WV
10376,Ignace Dillingstone,Frankfort,South,KY
10377,Rosalynd Corneljes,Phoenix,West,AZ
10379,Avery Campkin,Trenton,Northeast,NJ
10380,Thatch Klaves,Tallahassee,South,FL
10381,Fletch Forsyde,Albany,Northeast,NY
10382,Upton Trowle,Albany,Northeast,NY
10383,Sam Liffey,Oklahoma City,South,OK
10384,Westley Redgewell,Jefferson City,Midwest,MO
10385,Simona Kingerby,Phoenix,West,AZ
10386,Dolorita Corringham,Olympia,West,WA
10387,Bent Cowdrey,Springfield,Midwest,IL
10388,Melonie Hadfield,Sacramento,West,CA
10389,Sonnnie Hyatt,Jefferson City,Midwest,MO
10390,Gerhardine Salman,Sacramento,West,CA
10391,Barclay Renhard,Tallahassee,South,FL
10392,My Grimm,Austin,South,TX
10393,Kane Gow,Nashville,South,TN
10394,Bartlet Brunn,Hartford,Northeast,CT
10395,Brande Mowson,Oklahoma City,South,OK
10396,Eleanore Panks,Austin,South,TX
10397,Lynnell Sargood,Tallahassee,South,FL
10398,Francesca Duckitt,Phoenix,West,AZ
10399,Joleen Vaulkhard,Richmond,South,VA
10400,Sally Clymer,Sacramento,West,CA
10401,Byrom Dawson,Des Moines,Midwest,IA
10402,Maryjo Swain,Jefferson City,Midwest,MO
10403,Payton Allchin,Montgomery,South,AL
10404,Bryanty Garr,Hartford,Northeast,CT
10406,Linoel Olenin,Olympia,West,WA
10407,Myrle Ramsdell,Austin,South,TX
10408,Sven Arp,Tallahassee,South,FL
10409,Raynard Kalvin,Sacramento,West,CA
10410,Hazel MacAfee,Jefferson City,Midwest,MO
10411,Mordecai Crumb,Sacramento,West,CA
10412,Thomasina Beardshaw,Austin,South,TX
10413,Suzette Devonald,Jefferson City,Midwest,MO
10414,Riannon Orris,Jefferson City,Midwest,MO
10415,Amalee Emsden,Lansing,Midwest,MI
10416,Evelyn Turbefield,Sacramento,West,CA
10417,Reggis MacGlory,Richmond,South,VA
10418,Mirella Eslemont,Des Moines,Midwest,IA
10419,Sheba Balk,Albany,Northeast,NY
10420,Web Kondrachenko,Carson City,West,NV
10421,Laverne Eborn,Sacramento,West,CA
10422,Kariotta McCourt,Baton Rouge,South,LA
10423,Spencer Castiello,Albany,Northeast,NY
10424,Briny Maplestone,Charleston,South,WV
10425,Micky Clayden,Carson City,West,NV
10426,Brent Arrow,Albany,Northeast,NY
10427,Kathye Halle,Salt Lake City,West,UT
10428,Ediva Cossans,Little Rock,South,AR
10429,Rosalinda Fawltey,Columbus,Midwest,OH
10430,Cobbie Mantha,St. Paul,Midwest,MN
10431,Mellisa Willeson,Richmond,South,VA
10432,Christian Coghlin,Albany,Northeast,NY
10434,Loraine Matzel,Springfield,Midwest,IL
10435,Hyacintha Cessford,Sacramento,West,CA
10436,Cheri Abbotts,Oklahoma City,South,OK
10437,Roley Clarridge,Jefferson City,Midwest,MO
10438,Flore Doneld,Des Moines,Midwest,IA
10439,Elita Gives,Montgomery,South,AL
10440,Kareem Jakubiak,Austin,South,TX
10441,Ricard Jewkes,Springfield,Midwest,IL
10442,Addia Randles,Atlanta,South,GA
10443,Mickie Tuddenham,Tallahassee,South,FL
10444,Dallas Paulmann,Austin,South,TX
10445,Rutledge Giottini,Jefferson City,Midwest,MO
10446,Vanya Follin,Frankfort,South,KY
10447,Tyrone Connochie,Topeka,Midwest,KS
10448,Millisent McIllroy,Denver,West,CO
10449,L;urette Barnhart,Santa Fe,West,NM
10450,Cal Grunnell,Lincoln,Midwest,NE
10451,Regan Strutz,Atlanta,South,GA
10452,Griff Gristock,Salt Lake City,West,UT
10453,Martino Cirlos,Springfield,Midwest,IL
10454,Gilligan Rothwell,Albany,Northeast,NY
10455,Jania Trillo,Phoenix,West,AZ
10456,Amargo Prestage,Lansing,Midwest,MI
10457,Estrella Wildblood,Helena,West,MT
10458,Ted Grogan,Juneau,West,AK
10459,Worden Gethouse,Richmond,South,VA
10460,Baron Roblou,Sacramento,West,CA
10461,Virgil Chatt,Hartford,Northeast,CT
10462,Klarika Digle,Tallahassee,South,FL
10463,Marquita Aird,Little Rock,South,AR
10464,Latia Maddick,Trenton,Northeast,NJ
10465,Caleb Walder,Baton Rouge,South,LA
10466,Garland Langer,Trenton,Northeast,NJ
10467,Wanids Toulson,Olympia,West,WA
10468,Heidi Olyfant,Hartford,Northeast,CT
10469,Claudia Steuhlmeyer,Austin,South,TX
10470,Inesita O'Cassidy,Jackson,South,MS
10471,Torrey Lamball,Harrisburg,Northeast,PA
10472,Ingelbert Villa,Sacramento,West,CA
10473,Valencia Sawyer,Sacramento,West,CA
10474,Shirl Lambol,Richmond,South,VA
10475,Rik Pithcock,Frankfort,South,KY
10476,Victoria Frazer,Austin,South,TX
10477,Carri Keaveney,Columbus,Midwest,OH
10478,Gian Menguy,Annapolis,South,MD
10479,Jackie Pollen,Tallahassee,South,FL
10480,Caryl Ivanchin,Sacramento,West,CA
10481,Brent Flisher,Richmond,South,VA
10482,Gan Fulun,Juneau,West,AK
10483,Collie Goves,Tallahassee,South,FL
10484,Barton Foakes,Austin,South,TX
10485,Nani Blinckhorne,Richmond,South,VA
10486,Fancy Beard,Sacramento,West,CA
10487,Ceil Hrycek,Columbus,Midwest,OH
10488,Claire Howsley,Hartford,Northeast,CT
10489,Janaya Axtens,Sacramento,West,CA
10490,Philly Ollier,Madison,Midwest,WI
10491,Laural Gretton,Atlanta,South,GA
10492,Nicol Edgin,Indianapolis,Midwest,IN
10493,Oralee Logsdail,Salt Lake City,West,UT
10494,Teodora MacSharry,Sacramento,West,CA
10495,Freddy Errichiello,Santa Fe,West,NM
10496,Farrell Adamides,Columbus,Midwest,OH
10497,Vinny Whittington,Indianapolis,Midwest,IN
10498,Kira Braunton,Annapolis,South,MD
10499,Archibald Beavon,Jefferson City,Midwest,MO
10500,Elvina Garroway,Richmond,South,VA
10501,Constantino Petruszka,Austin,South,TX
10502,Ruth Dullingham,Baton Rouge,South,LA
10503,Naomi Tapper,Sacramento,West,CA
10504,Othilie Tieman,Austin,South,TX
10505,Baudoin Witz,Albany,Northeast,NY
10506,Antoinette Mensler,Harrisburg,Northeast,PA
10507,Nettie Tredwell,Springfield,Midwest,IL
10508,Myrtia Wilfinger,Boston,Northeast,MA
10509,Sadella Lefever,Oklahoma City,South,OK
10510,Gwyneth Dowdall,Albany,Northeast,NY
10511,Fedora Riggey,Hartford,Northeast,CT
10512,Penrod Kubczak,Harrisburg,Northeast,PA
10513,Archibald Doogue,Jefferson City,Midwest,MO
10514,Rabi Tybalt,Nashville,South,TN
10515,Jackson Phillipson,Indianapolis,Midwest,IN
10516,Ranee Likly,Baton Rouge,South,LA
10517,Erin Mutter,Tallahassee,South,FL
10518,Ezra Shirer,Richmond,South,VA
10519,Robb Lightman,Sacramento,West,CA
10520,Minor Kellen,Austin,South,TX
10521,Harlan O'Lehane,Sacramento,West,CA
10522,Sophey Riccelli,Austin,South,TX
10523,Patton Ducroe,Austin,South,TX
10524,Ferdy Orhtmann,Sacramento,West,CA
10525,Candice Bumpus,Denver,West,CO
10526,Brant Chaves,Sacramento,West,CA
10527,Agustin Deards,Tallahassee,South,FL
10528,Karlis Limrick,Baton Rouge,South,LA
10529,Olag Rozenzweig,Harrisburg,Northeast,PA
10530,Cherish Shenton,Phoenix,West,AZ
10531,Austina Bagster,Austin,South,TX
10532,Kriste Joney,Phoenix,West,AZ
10533,Nels Swetenham,Sacramento,West,CA
10534,Oran Retallick,Austin,South,TX
10535,Hermon Bakster,Sacramento,West,CA
10536,Jamil Stut,Harrisburg,Northeast,PA
10537,Bobbye Dean,Topeka,Midwest,KS
10538,Lulita Sprosson,Raleigh,South,NC
10540,Joanna Tomkin,Austin,South,TX
10541,Kordula Marchelli,Austin,South,TX
10542,Milty Itscowics,Albany,Northeast,NY
10543,Tobiah Malcolm,Baton Rouge,South,LA
10544,Calvin Sweedland,Tallahassee,South,FL
10545,Robert Patel,Sacramento,West,CA
10546,Kaitlynn Tocque,Phoenix,West,AZ
10547,Maggee Bendin,Honolulu,West,HI
10548,Rourke McLauchlin,Topeka,Midwest,KS
10549,Ann Dooly,Boise,West,ID
10550,Con Petschel,Austin,South,TX
10551,Joyann Calleja,Indianapolis,Midwest,IN
10552,Karlotta Braime,Boston,Northeast,MA
10553,Stephen Gallgher,Albany,Northeast,NY
10554,Dominik Snawdon,Frankfort,South,KY
10555,Tomi Vicary,Nashville,South,TN
10556,Guido Laxe,Harrisburg,Northeast,PA
10557,Leisha Hawkslee,Jefferson City,Midwest,MO
10558,Zonda Wittman,Indianapolis,Midwest,IN
10559,Gabbi Durbridge,Tallahassee,South,FL
10560,Elston Nore,Sacramento,West,CA
10561,Cece Crosson,Salt Lake City,West,UT
10562,Keely Charteris,Jefferson City,Midwest,MO
10563,Bald Livock,Sacramento,West,CA
10564,Patrica Denson,Harrisburg,Northeast,PA
10565,Cece Davidai,Austin,South,TX
10566,Ron Ashbee,Albany,Northeast,NY
10567,Patric Rapkins,Tallahassee,South,FL
10568,Ulla MacRorie,Madison,Midwest,WI
10569,Calv Oliver-Paull,Carson City,West,NV
10570,Tamarra Hearson,Albany,Northeast,NY
10571,Neron Cowling,Austin,South,TX
10572,Frannie Gauvin,Nashville,South,TN
10573,Antonella Custy,Tallahassee,South,FL
10574,Kimble Derr,Denver,West,CO
10575,Maryl Hartigan,Boston,Northeast,MA
10576,Tricia Severns,Columbus,Midwest,OH
10577,Barry Nano,Austin,South,TX
10578,Marc Scawn,Juneau,West,AK
10579,Susi Gabits,Austin,South,TX
10580,Tallou Yantsev,Raleigh,South,NC
10581,Avigdor Lowthian,Denver,West,CO
10582,Kattie Nethercott,Indianapolis,Midwest,IN
10583,Darwin Dahmke,Salt Lake City,West,UT
10584,Darlleen Aitkenhead,Indianapolis,Midwest,IN
10585,Roslyn Peto,Lansing,Midwest,MI
10586,Barbie Keese,Carson City,West,NV
10587,Gretel Philippart,Topeka,Midwest,KS
10588,Alecia Conville,Richmond,South,VA
10589,Lilah Cuel,Phoenix,West,AZ
10590,Vicky Tuminini,Raleigh,South,NC
10591,Emelina Landor,Baton Rouge,South,LA
10592,Aretha Morgans,Des Moines,Midwest,IA
10593,Marti Crosscombe,Salem,West,OR
10594,Hakim Nelhams,Richmond,South,VA
10595,Douglas Celler,Tallahassee,South,FL
10596,Dominga Clemerson,Columbus,Midwest,OH
10597,Maxi Cordeix,Oklahoma City,South,OK
10598,Eugen Lembrick,Austin,South,TX
10599,Johnette Prester,Baton Rouge,South,LA
10600,Freddy Ettery,Indianapolis,Midwest,IN
10601,Matthiew Dorricott,Phoenix,West,AZ
10602,Nikos Van Zon,Albany,Northeast,NY
10603,Frannie Braksper,Sacramento,West,CA
10604,Vincent Capron,Austin,South,TX
10605,Anastasie Eaton,Bismarck,Midwest,ND
10606,Aloysius Hague,Richmond,South,VA
10608,Jeremie Onraet,Austin,South,TX
10609,Nigel Stanistrete,Austin,South,TX
10610,Cordey Makey,Albany,Northeast,NY
10611,Cirilo Coole,Sacramento,West,CA
10612,Norton Fluger,Hartford,Northeast,CT
10613,Larisa Wasselin,Honolulu,West,HI
10614,Glynis Stanlock,Austin,South,TX
10615,Colas Danjoie,Richmond,South,VA
10616,Hestia Rozet,Harrisburg,Northeast,PA
10617,Gav Blamires,Charleston,South,WV
10618,Delly Iley,Annapolis,South,MD
10619,Lorinda Janusz,Helena,West,MT
10620,Opaline Eefting,Charleston,South,WV
10621,Kalila McKyrrelly,Tallahassee,South,FL
10622,Farlie Petricek,Atlanta,South,GA
10623,Stanislas Coveley,Austin,South,TX
10624,Jamison Owbrick,Tallahassee,South,FL
10625,Randall Bennetto,Frankfort,South,KY
10626,Rhiamon Yerborn,Tallahassee,South,FL
10627,Kitti Jinkin,Indianapolis,Midwest,IN
10628,Hedwiga Stephens,Austin,South,TX
10629,Darbee Culpen,Tallahassee,South,FL
10630,Meredith Tome,Albany,Northeast,NY
10631,Jesse Briddle,Salem,West,OR
10632,Vivian Collomosse,Sacramento,West,CA
10633,Lemar Somerville,Santa Fe,West,NM
10634,Karyn Greggor,Phoenix,West,AZ
10635,Berkeley Brendish,Olympia,West,WA
10636,Raddy Cray,Sacramento,West,CA
10637,Calhoun Mesnard,Madison,Midwest,WI
10638,Kyla Keysel,Phoenix,West,AZ
10639,Livvy Founds,Austin,South,TX
10640,Turner Simoneschi,Austin,South,TX
10641,Hallie Orrocks,Sacramento,West,CA
10642,Mill Paddie,Oklahoma City,South,OK
10643,Brittne Galsworthy,Tallahassee,South,FL
10645,Eveline Keuntje,Austin,South,TX
10646,Raffaello Figg,Austin,South,TX
10647,Jaime Oldford,Annapolis,South,MD
10648,Burch Jeskins,Trenton,Northeast,NJ
10649,Clemmie Lethieulier,Topeka,Midwest,KS
10650,Tani Di Ruggiero,Baton Rouge,South,LA
10651,Domenic Atwool,Richmond,South,VA
10652,Torre Hedgeley,Tallahassee,South,FL
10653,Kale Grant,Harrisburg,Northeast,PA
10654,Nanni Joule,Albany,Northeast,NY
10655,Vivyanne Schulter,Atlanta,South,GA
10656,Mead Rodolf,Honolulu,West,HI
10657,Herminia Preble,Austin,South,TX
10658,Bernadina Siaskowski,Indianapolis,Midwest,IN
10659,Salvatore Buney,St. Paul,Midwest,MN
10660,Rutherford Pedycan,Albany,Northeast,NY
10661,Katherina Brearley,Trenton,Northeast,NJ
10662,Kelvin Way,Des Moines,Midwest,IA
10663,Peyter Limprecht,Tallahassee,South,FL
10664,Ruperto Donnachie,Austin,South,TX
10665,Emeline Redwing,Tallahassee,South,FL
10666,Alika Duligall,Sacramento,West,CA
10667,Kurt Keeting,Baton Rouge,South,LA
10668,Tamqrah Riceards,Albany,Northeast,NY
10669,Brett Chipp,Springfield,Midwest,IL
10670,Joella Marin,Columbus,Midwest,OH
10671,Maegan Ossulton,Tallahassee,South,FL
10672,Sydney Huxtable,Nashville,South,TN
10673,Melina Batchley,Columbia,South,SC
10674,Fidelia Ivy,Honolulu,West,HI
10675,Ives Crowcroft,Sacramento,West,CA
10676,Aryn Danielsohn,Jefferson City,Midwest,MO
10677,Randolph Baiss,Boston,Northeast,MA
10678,Wain Muffitt,Tallahassee,South,FL
10679,Luella Denness,Jefferson City,Midwest,MO
10680,Cello Dudney,Dover,South,DE
10681,Jolynn Barstock,Columbus,Midwest,OH
10682,Norean Heustace,Albany,Northeast,NY
10683,Kelsey Pavolillo,Columbia,South,SC
10684,Ethelyn Pooke,Columbus,Midwest,OH
10685,Patience Iannello,Sacramento,West,CA
10686,Giselbert Rupke,Salt Lake City,West,UT
10687,Pat Yarr,Sacramento,West,CA
10688,Smitty Hawkswell,Denver,West,CO
10689,Ailey Guillond,Austin,South,TX
10690,Thalia McNaught,Sacramento,West,CA
10691,Aleksandr Menezes,Sacramento,West,CA
10692,Abbe Mation,Albany,Northeast,NY
10693,Eloisa Whanstall,Des Moines,Midwest,IA
10694,Corinna Slide,Columbia,South,SC
10695,Zollie Pettyfer,Cheyenne,West,WY
10696,Lanae Anstice,Austin,South,TX
10697,Aili Hovert,Lansing,Midwest,MI
10698,Jessalin Odom,Springfield,Midwest,IL
10699,Fields Cullity,Springfield,Midwest,IL
10700,Dennet Cattellion,Frankfort,South,KY
10701,Gibby Orviss,Sacramento,West,CA
10702,Dell Roundtree,Tallahassee,South,FL
10703,Umberto Draisey,Albany,Northeast,NY
10704,Forest Taudevin,Tallahassee,South,FL
10705,Harrie Knock,Jefferson City,Midwest,MO
10706,Nappie Mattaser,Atlanta,South,GA
10707,Celle Di Nisco,Lincoln,Midwest,NE
10708,Anneliese Winterbourne,Montgomery,South,AL
10709,Aliza Cowell,Richmond,South,VA
10710,Roosevelt Foxcroft,Jefferson City,Midwest,MO
10711,Craggy Di Giacomettino,Jackson,South,MS
10712,Kesley Andrat,Bismarck,Midwest,ND
10713,Arturo Minto,Lansing,Midwest,MI
10714,Willey Potkins,Austin,South,TX
10715,Tammara Greatrakes,Columbus,Midwest,OH
10716,Theodor Nottingam,Sacramento,West,CA
10717,Whitney Pykerman,Denver,West,CO
10718,Archaimbaud Crebott,Raleigh,South,NC
10719,Rubin Kilgannon,Atlanta,South,GA
10720,Hastie Derbyshire,Albany,Northeast,NY
10721,Mabelle Thurbon,Raleigh,South,NC
10722,Vina Rapaport,Baton Rouge,South,LA
10723,Dosi Getty,Albany,Northeast,NY
10724,Clarette Pithcock,Phoenix,West,AZ
10725,Vittoria Orred,Tallahassee,South,FL
10726,Kalindi McMaster,Indianapolis,Midwest,IN
10727,Jarred Sexten,Jefferson City,Midwest,MO
10728,Shandeigh Lygo,Hartford,Northeast,CT
10729,Christie Kirsop,Albany,Northeast,NY
10730,Dulciana Egell,Olympia,West,WA
10731,Hope Dollin,Nashville,South,TN
10732,Mortimer Boxhall,Denver,West,CO
10733,Mallissa Gerriets,Baton Rouge,South,LA
10734,Reena Mackro,Austin,South,TX
10735,Kelcie Bernaciak,Jefferson City,Midwest,MO
10736,Valery Aseef,Des Moines,Midwest,IA
10737,Doreen Bonicelli,Oklahoma City,South,OK
10738,Tisha McKinstry,Sacramento,West,CA
10739,Erl Haimes,Tallahassee,South,FL
10740,Gwendolin Normanville,Little Rock,South,AR
10741,Raffaello Higgan,Austin,South,TX
10742,Donetta Dumbrill,Austin,South,TX
10743,Valentine Laven,Tallahassee,South,FL
10744,Sephira Mews,Phoenix,West,AZ
10745,Averell Wardhaw,Boston,Northeast,MA
10746,Nil Ainslie,Columbus,Midwest,OH
10747,Gerardo Mattimoe,Sacramento,West,CA
10748,Amelina Tasch,Austin,South,TX
10749,Trixy Donnett,Salem,West,OR
10750,Berthe Casement,Des Moines,Midwest,IA
10751,Candide Hockell,Trenton,Northeast,NJ
10752,Rea Nassy,Nashville,South,TN
10753,Ariana Liles,Austin,South,TX
10754,Odo Jecock,Atlanta,South,GA
10755,Desi Halgarth,Montgomery,South,AL
10756,Melosa Oxlade,Austin,South,TX
10757,Burgess Gorioli,Springfield,Midwest,IL
10758,Horatia Barwis,Springfield,Midwest,IL
10759,Alysia Byre,Tallahassee,South,FL
10760,Zonnya Bertson,Columbus,Midwest,OH
10761,Towny Chellenham,Jefferson City,Midwest,MO
10763,Lion Marishenko,Lansing,Midwest,MI
10764,Rodie Mallison,Albany,Northeast,NY
10765,Mathias Fautly,Austin,South,TX
10766,Dave Gebbie,Carson City,West,NV
10767,Jareb Trengove,Tallahassee,South,FL
10768,Lon Oake,Albany,Northeast,NY
10769,Yuri Couchman,Tallahassee,South,FL
10770,Lucille Payn,Sacramento,West,CA
10771,Marleah Overton,Sacramento,West,CA
10772,Augustus Plet,Columbus,Midwest,OH
10773,Arnoldo Mottley,Denver,West,CO
10774,Gaylord Heyfield,Madison,Midwest,WI
10775,Constantina Hubber,Sacramento,West,CA
10776,Bronson Twiggins,Concord,Northeast,NH
10777,Rickert Jahncke,Sacramento,West,CA
10778,Mei Kingzett,Raleigh,South,NC
10779,Laurella Lorman,Boston,Northeast,MA
10780,Kurtis Spikeings,Baton Rouge,South,LA
10781,Andromache Roobottom,Juneau,West,AK
10782,Janie Leet,Sacramento,West,CA
10783,Janaya Durant,Carson City,West,NV
10784,Xenia Hagergham,Sacramento,West,CA
10785,Hadria Coulsen,Raleigh,South,NC
10786,Son Starmont,Springfield,Midwest,IL
10787,Myrilla Pau,Baton Rouge,South,LA
10788,Joyous Heathorn,Sacramento,West,CA
10789,Curt Candish,Baton Rouge,South,LA
10790,Ned Moulder,Sacramento,West,CA
10791,Torrence Bretherick,Albany,Northeast,NY
10792,Lauraine Sanpher,Sacramento,West,CA
10793,Olia Burgwyn,Raleigh,South,NC
10794,Lucia Townson,Phoenix,West,AZ
10795,Quentin De Bischof,Springfield,Midwest,IL
10796,Karee Wilman,Sacramento,West,CA
10797,Esma Bassham,Albany,Northeast,NY
10798,Bertie Bowne,Austin,South,TX
10799,Gay Siemianowicz,Concord,Northeast,NH
10800,Norrie Trundell,Atlanta,South,GA
10801,Fenelia Exton,Harrisburg,Northeast,PA
10802,Teador Cawthra,Lansing,Midwest,MI
10803,Godart Jennery,Trenton,Northeast,NJ
10804,Inesita Baily,Denver,West,CO
10805,Phylis MacMaykin,Columbia,South,SC
10806,Martino Kurten,Des Moines,Midwest,IA
10807,Elinore Hagley,Tallahassee,South,FL
10808,Marcile Boylund,Des Moines,Midwest,IA
10809,Selby Kestle,Annapolis,South,MD
10810,Gerri Banfield,Sacramento,West,CA
10811,Terri Herety,Richmond,South,VA
10812,Laurella Weeden,Sacramento,West,CA
10813,Ollie Sayse,Carson City,West,NV
10814,Colby Mortlock,Carson City,West,NV
10815,Jason Murford,Juneau,West,AK
10816,Carolan Duxbarry,Columbus,Midwest,OH
10817,Reinwald Straughan,Sacramento,West,CA
10818,Bernadina Hesser,Austin,South,TX
10819,Lauritz Fotheringham,Topeka,Midwest,KS
10820,Stephani Kinny,Boston,Northeast,MA
10821,Miran Wallentin,St. Paul,Midwest,MN
10822,Ulric Phorsby,Tallahassee,South,FL
10823,Antoinette Heffy,Topeka,Midwest,KS
10824,Marybeth Marwood,Jefferson City,Midwest,MO
10825,Emelita Blackmoor,Columbia,South,SC
10826,Ivett Godman,Austin,South,TX
10827,Micah Rusted,Tallahassee,South,FL
10828,Tabb Prozescky,Oklahoma City,South,OK
10829,Kipper Seatter,Tallahassee,South,FL
10830,Goran Matyukon,Richmond,South,VA
10831,Dav Estoile,Atlanta,South,GA
10832,Belle Scheffler,Sacramento,West,CA
10833,Halie Le Houx,Salem,West,OR
10834,Emily Fantini,Sacramento,West,CA
10835,Shay Jarvie,Austin,South,TX
10837,Leonore Mapp,Albany,Northeast,NY
10838,Dorice De Biasi,Juneau,West,AK
10839,Con Feare,Sacramento,West,CA
10840,Odell Neighbour,Lincoln,Midwest,NE
10841,Yank Madge,Tallahassee,South,FL
10842,Cedric McIlhatton,Tallahassee,South,FL
10843,Garner Wordsworth,Santa Fe,West,NM
10844,Zora Teliga,Tallahassee,South,FL
10845,Royce Coad,Austin,South,TX
10846,Eddy Amott,Sacramento,West,CA
10847,Donovan Vanes,Austin,South,TX
10848,Amelia Dachs,Harrisburg,Northeast,PA
10849,Alikee Manoelli,Springfield,Midwest,IL
10850,Kinna Dimitriades,Tallahassee,South,FL
10851,Eustace Scholling,Austin,South,TX
10852,Chiquita Nellis,Richmond,South,VA
10853,Milt Ball,Sacramento,West,CA
10854,Hugh Coxon,Phoenix,West,AZ
10855,Electra Dainton,Oklahoma City,South,OK
10856,Burch Loxley,Denver,West,CO
10857,Orazio Upcott,Little Rock,South,AR
10858,Esme Rogerot,Nashville,South,TN
10859,Orelle Bonson,Oklahoma City,South,OK
10860,Auguste Skyram,Columbus,Midwest,OH
10861,Binni Grewe,Richmond,South,VA
10862,Orelie Maguire,Austin,South,TX
10864,Merola Drynan,Sacramento,West,CA
10865,Andra Lyosik,Columbia,South,SC
10866,Anthony Herion,Lansing,Midwest,MI
10867,Maryrose Benardeau,Des Moines,Midwest,IA
10868,Gideon O' Kelleher,Austin,South,TX
10869,Demetrius Mularkey,Tallahassee,South,FL
10870,Findlay Soulsby,Montgomery,South,AL
10871,Lexis Wakeford,Phoenix,West,AZ
10872,Forster Huckin,Tallahassee,South,FL
10873,Juliet Gault,Sacramento,West,CA
10874,Deeyn Koomar,Columbus,Midwest,OH
10875,Revkah Pinkerton,Nashville,South,TN
10876,Urbanus Makeswell,Springfield,Midwest,IL
10877,Roldan Gallo,Dover,South,DE
10878,Sue Stuck,St. Paul,Midwest,MN
10879,Aeriela Ullyatt,Atlanta,South,GA
10880,Rey Tilney,Phoenix,West,AZ
10881,Fraser Stegel,Austin,South,TX
10882,Aretha Bray,Atlanta,South,GA
10883,Leland Crabbe,St. Paul,Midwest,MN
10884,Amara Atmore,Albany,Northeast,NY
10885,Abbie Dishmon,Salem,West,OR
10886,Ricky Normavill,Austin,South,TX
10887,Alejandrina Corcut,Austin,South,TX
10888,Brit Calvie,Sacramento,West,CA
10889,Oralie Scintsbury,Boston,Northeast,MA
10890,Dru Fintoph,Phoenix,West,AZ
10891,Dana Heard,Tallahassee,South,FL
10892,Malia Tofts,Trenton,Northeast,NJ
10893,Brodie Wickie,Madison,Midwest,WI
10894,Vera Andric,Sacramento,West,CA
10895,Aubrey Surplice,Olympia,West,WA
10896,Minni Mostyn,Raleigh,South,NC
10897,Barret Windham,Albany,Northeast,NY
10898,Brendon Nono,Sacramento,West,CA
10899,Tana Collister,Oklahoma City,South,OK
10900,Ulrica Garr,St. Paul,Midwest,MN
10901,Noby Arnow,Olympia,West,WA
10902,Aundrea Moodie,Sacramento,West,CA
10903,Flint Duthie,Austin,South,TX
10904,Maxy Rosenbarg,Jefferson City,Midwest,MO
10905,Nanni Rodger,Sacramento,West,CA
10906,Valentina Pestricke,Trenton,Northeast,NJ
10907,Addie Northey,Columbus,Midwest,OH
10908,Bennie Shah,Tallahassee,South,FL
10909,Mel Kernell,Frankfort,South,KY
10910,Queenie Blemings,Madison,Midwest,WI
10911,Arvy Sach,Austin,South,TX
10912,Sutton Leisman,Austin,South,TX
10913,Carol-jean Sappson,Jefferson City,Midwest,MO
10914,Dicky Monro,Harrisburg,Northeast,PA
10915,Delphine Corner,Raleigh,South,NC
10916,Sayre Rotter,Atlanta,South,GA
10917,Haze Pyatt,Austin,South,TX
10918,Thayne Armsby,Jefferson City,Midwest,MO
10919,Bax Blenkiron,Lansing,Midwest,MI
10920,Jillian Kincade,Frankfort,South,KY
10921,Hillyer Toffolo,Tallahassee,South,FL
10922,Ferguson Wynett,Austin,South,TX
10923,Harriet Andrewartha,Sacramento,West,CA
10924,Allegra Beadnall,Topeka,Midwest,KS
10925,Emery Bastie,Indianapolis,Midwest,IN
10926,Rona Armell,Springfield,Midwest,IL
10927,Morgan Whapples,Sacramento,West,CA
10928,Jeramey Gerram,Madison,Midwest,WI
10929,Brien Hun,Lincoln,Midwest,NE
10930,Scotty O'Hannen,Sacramento,West,CA
10931,Karoly Bramham,Raleigh,South,NC
10932,Nickie Dominicacci,Little Rock,South,AR
10933,Zacherie Battie,Sacramento,West,CA
10934,Carolee Fettis,Indianapolis,Midwest,IN
10935,Kathie Bunford,St. Paul,Midwest,MN
10936,Melly Hartgill,Austin,South,TX
10937,Tynan Wortley,Atlanta,South,GA
10938,Tomlin Bunny,Nashville,South,TN
10939,Andree Lyosik,Columbus,Midwest,OH
10940,Cristobal Simm,Indianapolis,Midwest,IN
10941,Alwyn Rowntree,Atlanta,South,GA
10942,Ira Kenningham,Oklahoma City,South,OK
10943,Tisha Maggi,Carson City,West,NV
10944,Cherilyn Riccelli,St. Paul,Midwest,MN
10945,Raymund Tremonte,St. Paul,Midwest,MN
10946,Antonius Goble,Springfield,Midwest,IL
10947,Agnes Haslin,Albany,Northeast,NY
10949,Page MacSkeaghan,Austin,South,TX
10950,Puff Atte-Stone,Sacramento,West,CA
10951,Alberto Click,Austin,South,TX
10952,Ginelle Sutterfield,Sacramento,West,CA
10953,Hewitt Solano,Tallahassee,South,FL
10954,Nicolas Marshall,Boston,Northeast,MA
10955,Alyson Leftly,Austin,South,TX
10956,Lilias Spalding,Springfield,Midwest,IL
10957,Zelig Goodey,Harrisburg,Northeast,PA
10958,Ronna Stanmore,Denver,West,CO
10959,Cedric Ilyin,Sacramento,West,CA
10960,Renate Wapol,St. Paul,Midwest,MN
10962,Robena Topliss,Albany,Northeast,NY
10963,Ilse Cawcutt,Sacramento,West,CA
10964,Nikkie Kennaway,Jefferson City,Midwest,MO
10965,Travus McAsgill,Nashville,South,TN
10966,Cherey Cuddon,Austin,South,TX
10967,Eadmund Owttrim,Indianapolis,Midwest,IN
10968,Jada Oakeshott,Tallahassee,South,FL
10969,Vale Essex,Austin,South,TX
10970,Bail Lethem,Austin,South,TX
10971,Micheil De Clairmont,Richmond,South,VA
10972,Talyah Ladson,Sacramento,West,CA
10973,Gwenora Punter,Albany,Northeast,NY
10974,Solomon Veall,Montgomery,South,AL
10975,Rollie Ifill,Raleigh,South,NC
10976,Cherianne Gorusso,Austin,South,TX
10977,Towney Muckle,Denver,West,CO
10978,Jamil Ledger,Olympia,West,WA
10979,Clementina Pennrington,Helena,West,MT
10980,Hersh Castilla,Boston,Northeast,MA
10981,Crawford Destouche,Sacramento,West,CA
10982,Aurore Groger,Lansing,Midwest,MI
10983,Lenna Rheubottom,Albany,Northeast,NY
10984,Susy Lambertson,St. Paul,Midwest,MN
10985,Jay McTeague,Tallahassee,South,FL
10986,Kizzie Beeson,Austin,South,TX
10987,Roseanna Melonby,Springfield,Midwest,IL
10988,Barton Burle,Springfield,Midwest,IL
10989,Yasmin Roblou,Albany,Northeast,NY
10990,Sal Jahns,Sacramento,West,CA
10991,Michaelina O'Cannon,Austin,South,TX
10992,Chen Bensusan,Denver,West,CO
10993,Terencio Mohammed,Sacramento,West,CA
10994,Hailee Deighton,Columbia,South,SC
10995,Debby Linfield,Denver,West,CO
10996,Curtis Girvin,Indianapolis,Midwest,IN
10998,Nowell Darragh,Tallahassee,South,FL
10999,Martie Soles,Dover,South,DE
11000,Jeniece Petrusch,Baton Rouge,South,LA
